{
  "oldParams": true,
  "wave_type": 1,
  "p_env_attack": 0,
  "p_env_sustain": 0.215,
  "p_env_punch": 0,
  "p_env_decay": 0.044840087818644306,
  "p_base_freq": 0.321,
  "p_freq_limit": 0.08457252927662699,
  "p_freq_ramp": -0.42363727743249635,
  "p_freq_dramp": 0,
  "p_vib_strength": 0,
  "p_vib_speed": 0,
  "p_arp_mod": -0.246,
  "p_arp_speed": 0,
  "p_duty": 0.7319061901732037,
  "p_duty_ramp": -0.044198521974640324,
  "p_repeat_speed": 0,
  "p_pha_offset": -0.063,
  "p_pha_ramp": -0.15193548211570462,
  "p_lpf_freq": 1,
  "p_lpf_ramp": 0,
  "p_lpf_resonance": 0,
  "p_hpf_freq": 0.000892574380029687,
  "p_hpf_ramp": 0,
  "sound_vol": 0.124,
  "sample_rate": 44100,
  "sample_size": 8
}